id,name,age,salary,department,active,score
1,Updated_Person_1,56,70724.9214735813,IT,False,89.95029156112362
2,Updated_Person_2,69,39628.29621645388,IT,True,67.1218973392775
3,Updated_Person_3,46,67384.39502845127,Marketing,False,13.426264480434034
4,Updated_Person_4,32,44303.28889252695,Marketing,True,98.9939269670437
5,Updated_Person_5,60,39514.65644042563,Marketing,True,52.49876659082932
6,Updated_Person_6,25,51623.06529300752,HR,False,39.17978863568931
7,Updated_Person_7,78,54994.39540613961,Marketing,False,65.6391153676055
8,Updated_Person_8,38,78717.2226501736,Finance,False,10.146887448981964
9,Updated_Person_9,56,54812.135179702396,Finance,True,63.30957066301712
10,Updated_Person_10,75,52925.790152559515,IT,False,49.614953996521294
11,Updated_Person_11,36,74030.84726073779,Marketing,True,41.07582635467444
12,Updated_Person_12,40,59167.287367792465,Finance,False,95.59938457527838
13,Updated_Person_13,28,40299.501192572025,IT,False,52.67208221264282
14,Updated_Person_14,28,70387.29084359654,Marketing,True,21.542238498494356
15,Updated_Person_15,41,38935.017279393214,HR,True,45.96712332726953
16,Updated_Person_16,70,40299.052275627255,Finance,True,90.7272172077665
17,Updated_Person_17,53,37311.4492756279,HR,True,17.82400733214996
18,Updated_Person_18,57,36115.374910287144,Marketing,True,21.70115270577409
19,Updated_Person_19,41,54951.631735748444,Finance,True,1.1271441917779128
20,Updated_Person_20,20,45978.89394152648,Marketing,False,1.5667198454376088
21,Updated_Person_21,39,-2242.3255814099307,HR,False,82.18170055816623
22,Updated_Person_22,70,46051.78076411085,Finance,True,72.81172718909568
23,Updated_Person_23,19,42233.6491137802,HR,False,35.88683026441197
24,Updated_Person_24,41,63345.62053043333,Marketing,True,70.08674236202707
25,Updated_Person_25,61,41443.47110125359,Marketing,False,39.31466537547464
26,Updated_Person_26,47,88110.99548033644,HR,False,95.6953607584851
27,Updated_Person_27,55,71016.35430908101,Finance,True,96.77441720100344
28,Updated_Person_28,19,44181.931340362935,HR,True,39.027267098973255
29,Updated_Person_29,77,67219.01314938073,Marketing,True,85.33077697878515
30,Updated_Person_30,38,57892.83981879396,HR,False,77.08119532409084
31,Updated_Person_31,50,53516.071243859384,Marketing,True,30.408105741769667
32,Updated_Person_32,29,62058.75352723321,HR,False,23.83232579306165
33,Updated_Person_33,75,50692.63261880538,Finance,True,45.53945282263709
34,Updated_Person_34,39,53624.999976223655,Finance,False,77.71870370429217
35,Updated_Person_35,78,62306.22809733786,HR,False,95.25210431261787
36,Updated_Person_36,61,80890.85298678333,HR,True,75.0399229528627
37,Updated_Person_37,42,53781.21644747014,Finance,False,85.8714469358965
38,Updated_Person_38,66,43276.59794759995,Marketing,False,60.70323496056976
39,Updated_Person_39,44,19531.359034885198,Finance,True,84.13730237650995
40,Updated_Person_40,76,79392.98069569342,Marketing,False,78.36756614225668
41,Updated_Person_41,59,46200.79943604623,HR,True,37.537557928981215
42,Updated_Person_42,45,58065.77287006056,HR,True,54.94516865542054
43,Updated_Person_43,77,78517.15710066434,Marketing,True,80.2670333840504
44,Updated_Person_44,33,53503.73225781942,HR,True,5.165568594365731
45,Updated_Person_45,32,47026.61559849502,Marketing,False,80.7946706112185
46,Updated_Person_46,79,71317.66447693732,IT,False,17.977847802903046
47,Updated_Person_47,79,57094.72347654473,Finance,False,51.247358296163696
48,Updated_Person_48,64,58648.4558320872,IT,True,81.48796790870412
49,Updated_Person_49,79,27135.008750746936,Marketing,False,24.429738375952116
50,Updated_Person_50,68,68129.55527272899,Finance,False,23.97048184325628
51,Person_51,61,55710.29085334115,Marketing,True,40.466295108342464
52,Person_52,72,29302.035913417054,Finance,True,90.33958513337892
53,Person_53,69,57122.832647341624,Finance,False,-0.06827195615859676
54,Person_54,74,19171.1898265228,Finance,True,89.71712426132983
55,Person_55,20,85057.58655201455,Finance,True,15.88103381673995
56,Person_56,54,33395.94974947386,Marketing,True,99.17048682775565
57,Person_57,68,74331.91645305375,Finance,True,96.12980620984393
58,Person_58,24,37812.63700969338,Finance,False,48.82234341675616
59,Person_59,38,58411.009487328956,IT,True,51.877859024268275
60,Person_60,26,36300.09620634237,HR,True,47.38070529920129
61,Person_61,56,64834.330121792984,HR,True,63.400278492874826
62,Person_62,35,46537.78856633066,IT,True,9.278561599905066
63,Person_63,21,57057.638245308204,IT,True,3.3548015232561976
64,Person_64,42,50242.83485621887,Marketing,True,6.300589009581069
65,Person_65,77,29503.39589881754,Marketing,True,43.52320491564683
66,Person_66,31,57532.37093042418,Marketing,True,27.625297661797855
67,Person_67,67,42542.68605396852,IT,False,62.80377725349135
68,Person_68,75,65665.56258879355,IT,True,99.27387605101394
69,Person_69,26,46455.696773886455,Finance,False,38.061147467763234
70,Person_70,43,48901.5306800634,Marketing,True,57.88787910786466
71,Person_71,70,75264.69305866209,Marketing,True,41.2362344556617
72,Person_72,19,85888.77952337329,Marketing,True,84.3150052661545
73,Person_73,37,61614.37265793391,HR,True,89.74857246978206
74,Person_74,45,45722.88928248594,Finance,False,87.63621866405153
75,Person_75,64,44309.51949661062,Marketing,True,97.5287539781122
76,Person_76,77,37625.63656674581,Marketing,True,2.1173684866899896
77,Person_77,24,40575.72082609221,Marketing,False,83.44979327618813
78,Person_78,61,45901.321788288646,HR,False,74.82997586597823
79,Person_79,78,79473.70141251585,HR,True,22.39194661609316
80,Person_80,25,46889.9443156293,IT,False,95.65038845202747
81,Person_81,64,31555.09655406068,Finance,False,14.998403621194987
82,Person_82,52,50653.10116202839,IT,False,68.06692961852413
83,Person_83,31,52584.2333413376,Finance,True,22.60168762596515
84,Person_84,34,50423.053507285185,HR,True,43.97356073505177
85,Person_85,53,61769.75510802882,Marketing,True,72.12783149427048
86,Person_86,67,50968.76332554796,IT,False,56.72444632724929
87,Person_87,57,61415.94946231486,Marketing,True,42.54287525792269
88,Person_88,21,38196.45640082327,IT,False,33.10584616452947
89,Person_89,19,76683.75954185038,HR,True,83.73478930898237
90,Person_90,79,53727.21393749949,HR,True,14.587159195275666
91,Person_91,23,55886.66076671964,HR,False,42.324604218888815
92,Person_92,71,38020.737436277144,IT,True,90.45887424350828
93,Person_93,59,57107.635999510705,Finance,False,84.0972649284121
94,Person_94,21,59841.258571435406,IT,False,40.56219407454662
95,Person_95,71,32413.798994724213,Finance,True,76.74877459113023
96,Person_96,46,25087.04860453972,IT,False,82.08276937710637
97,Person_97,35,54405.2714057106,IT,True,89.91352986467524
98,Person_98,43,42826.33100582824,HR,True,54.30763775682606
99,Person_99,61,53742.051257653366,Marketing,False,19.640079155134917
100,Person_100,51,30593.00996394102,Marketing,True,25.141348665211826
101,Person_101,27,26420.213987846666,Sales,False,29.047396892981496
102,Person_102,79,53136.573790889706,Sales,True,59.57004913185468
103,Person_103,53,44738.84774626842,Sales,True,2.6632808995246178
104,Person_104,31,18359.80639404093,Sales,True,63.3346398700937
105,Person_105,48,70161.79452787504,Sales,True,36.592699928091584
106,Person_106,65,30484.21480261399,Sales,True,29.593503196320114
107,Person_107,32,88653.68757811334,Sales,False,87.94333516664175
108,Person_108,25,40722.79986243733,Sales,False,46.063239817601925
109,Person_109,31,55916.85505290028,Sales,False,9.32005450451545
110,Person_110,40,74823.55224230529,Sales,False,81.87280077479154
111,Person_111,77,72119.27264348346,Sales,False,4.565706633278338
112,Person_112,74,79725.55913914085,Sales,False,72.90929730897732
113,Person_113,79,27180.940674530004,Sales,True,77.32215468276182
114,Person_114,57,32992.20936369622,Sales,True,35.456004779451064
115,Person_115,38,53282.7734311872,Sales,False,82.18539411302393
116,Person_116,33,62578.883639288324,Sales,False,52.063108625584306
117,Person_117,62,49980.411880992375,Sales,True,45.051206393544014
118,Person_118,35,25283.255808145757,Sales,True,4.6110484033309325
119,Person_119,64,57597.194308573264,Sales,True,29.677359538451228
120,Person_120,70,47062.05933134783,Sales,False,93.8498463465507
121,Person_121,41,46672.640132318484,Sales,False,39.06648324372876
122,Person_122,43,15694.070559493352,Sales,False,54.00695297785539
123,Person_123,42,61865.9153134012,Sales,True,53.88540431959686
124,Person_124,77,52115.6679742036,Sales,True,59.01717639886655
125,Person_125,77,76916.99702372192,Sales,False,6.053610794693321
126,Person_126,77,48612.03728905625,Sales,False,35.771198159433965
127,Person_127,62,58513.7823970331,Sales,True,71.68788364782628
128,Person_128,58,62371.76359074646,Sales,True,20.33795669176047
129,Person_129,46,23946.628877242238,Sales,True,20.692773482015376
130,Person_130,32,89223.48152694952,Sales,True,1.1098326698021836
131,Person_131,62,43632.39879833403,Sales,False,43.36616977002406
132,Person_132,18,57529.533930128695,Sales,True,87.74093865478763
133,Person_133,42,59717.057428583896,Sales,True,4.473970031120954
134,Person_134,24,37721.59740584929,Sales,True,18.831598361561277
135,Person_135,26,77646.78495594191,Sales,False,30.505527051901026
136,Person_136,41,53966.831710387654,Sales,False,72.31781880877577
137,Person_137,18,46861.534183927884,Sales,True,64.38923178643519
138,Person_138,61,52026.54990885122,Sales,True,40.93485852744302
139,Person_139,25,61451.85673177632,Sales,True,76.39885526655293
140,Person_140,41,50189.33185377944,Sales,False,61.16013702074692
141,Person_141,28,63138.45946314381,Sales,False,89.7512505595311
142,Person_142,68,24630.107086650998,Sales,False,82.63532943689934
143,Person_143,34,38764.623764462245,Sales,True,24.638459291887795
144,Person_144,25,17915.413159355434,Sales,False,27.580743761444417
145,Person_145,52,79998.51090064435,Sales,True,12.386826292727847
146,Person_146,52,79827.07057276917,Sales,True,34.982007650060424
147,Person_147,50,59289.334730937604,Sales,True,99.76399465633983
148,Person_148,76,34729.520443110174,Sales,False,40.303962693443296
149,Person_149,22,85751.09885451854,Sales,True,22.261611356339273
150,Person_150,59,41075.02756818346,Sales,False,76.14383418145097
151,Person_151,56,46789.86603740228,Finance,False,53.867868865115675
152,Person_152,75,52394.61401548534,IT,True,14.475006560727335
153,Person_153,58,56778.516566685896,HR,True,38.798070360280285
154,Person_154,45,59585.47202419302,HR,False,40.86524073798434
155,Person_155,24,60415.85151401137,IT,True,75.49451383711211
156,Person_156,26,47873.2413851733,HR,False,2.595228959003494
157,Person_157,25,60025.47332932848,IT,True,27.454212172552364
158,Person_158,29,47051.35946544979,Marketing,False,51.45880393046148
159,Person_159,51,58573.35830391768,IT,False,26.781581844971452
160,Person_160,50,57428.48591430105,Marketing,False,62.6433079913927
161,Person_161,65,61372.71018261463,IT,False,47.419238546128724
162,Person_162,72,59462.756050759825,Finance,True,36.43978417746812
163,Person_163,40,43326.41857437338,Finance,True,94.94011450986864
164,Person_164,79,56859.0097705576,Marketing,False,63.93624245894668
165,Person_165,41,59815.174610769325,Marketing,False,12.582534678143412
166,Person_166,54,30582.74221863199,Finance,True,56.5535180236484
167,Person_167,52,45788.57457206856,Marketing,True,78.6528023952322
168,Person_168,61,59024.416279675876,IT,True,70.87250559268368
169,Person_169,57,75760.68469386695,IT,True,16.123492144109104
170,Person_170,39,62248.327023294834,Finance,True,96.98571607528818
171,Person_171,44,76621.98803449306,HR,True,45.77430013681266
172,Person_172,52,44076.35378032321,IT,False,16.051028259772085
173,Person_173,18,53740.72983613108,Marketing,True,18.366275265750733
174,Person_174,52,62262.81239873229,HR,True,9.778915928090564
175,Person_175,54,15154.896196806114,HR,False,80.24008938856187
176,Person_176,64,72846.33857654835,IT,True,11.269377147835112
177,Person_177,31,22021.245386988816,IT,True,12.909895322702347
178,Person_178,20,64890.7064831867,HR,True,85.58700207844495
179,Person_179,18,60355.23057400769,HR,True,33.98497730202262
180,Person_180,22,14879.958398544783,Finance,True,2.996362870053091
181,Person_181,43,15832.64768849424,Marketing,False,5.0326593131639425
182,Person_182,72,71521.39880015068,Finance,True,14.427121317382698
183,Person_183,31,68116.37347331255,IT,False,21.067153006814404
184,Person_184,56,36613.36369182169,Finance,False,66.98028988543204
185,Person_185,44,36763.99271510471,Finance,True,15.768290158245069
186,Person_186,26,57680.16227268999,Finance,False,10.61272758991485
187,Person_187,32,49840.214335005316,Finance,True,76.69327428522423
188,Person_188,32,65936.9972951123,Marketing,False,67.60370387978683
189,Person_189,43,57301.62519689569,Marketing,False,42.95639131539115
190,Person_190,59,73687.57180611439,HR,True,55.13534061549769
191,Person_191,77,64421.784728525454,IT,True,32.11338186751895
192,Person_192,30,60688.18362360776,Finance,True,48.30607521112519
193,Person_193,68,44644.44902491275,HR,True,51.23807933043933
194,Person_194,49,43583.508332768426,HR,True,38.50264963269134
195,Person_195,56,49254.121443317,HR,False,90.64823892298769
196,Person_196,66,77534.04928936853,Marketing,False,1.503875854137442
197,Person_197,69,43933.91825626457,Finance,False,78.02356609595084
198,Person_198,78,53944.13882069615,Finance,False,12.364422101590895
199,Person_199,49,16342.290772649949,IT,False,78.93939516325779
200,Person_200,21,60024.26865095994,Finance,False,61.42575150048047
201,Person_201,47,83904.75688892069,Finance,False,84.99671232135363
202,Person_202,54,36203.5553239328,HR,True,9.26958753566383
203,Person_203,40,97641.22173959267,IT,True,55.36499677424075
204,Person_204,56,52438.301559784675,Finance,False,50.139394211917086
205,Person_205,62,11530.11933643953,Marketing,False,70.67490986801448
206,Person_206,32,44146.65162281139,Finance,True,53.617787548894576
207,Person_207,60,70183.14971808581,HR,True,54.016587426718104
208,Person_208,46,80001.39443888365,Marketing,True,42.995526439835636
209,Person_209,53,60603.00815437667,HR,True,30.708000013919584
210,Person_210,30,73307.44656418863,Finance,False,47.58853804756924
211,Person_211,49,32487.190953882287,Marketing,True,11.813539942684733
212,Person_212,24,39906.66669068311,IT,False,96.51363239652972
213,Person_213,76,25030.71265854981,IT,False,71.698603675836
214,Person_214,68,40925.146308678806,Marketing,False,94.37459060531503
215,Person_215,39,61423.131808197024,Marketing,True,22.79870091465087
216,Person_216,45,53151.56455652943,HR,True,87.48771725472422
217,Person_217,19,62951.90652582181,Marketing,False,81.57508045896454
218,Person_218,59,35913.04678210316,HR,False,67.87837613723156
219,Person_219,62,36888.87093105441,Finance,False,62.951060588585875
220,Person_220,79,52984.76306418248,HR,True,31.66555059899443
221,Person_221,74,40793.35398573287,Marketing,False,81.60805099705433
222,Person_222,70,69543.72518580285,Marketing,True,50.8994686068
223,Person_223,23,40502.0971744685,Finance,False,7.575544787441045
224,Person_224,45,42245.21758353729,Marketing,False,31.345245411636775
225,Person_225,45,56337.847947093,Marketing,False,93.42987664146405
226,Person_226,61,44049.8712202759,IT,True,84.21443869771919
227,Person_227,61,31542.013042407874,IT,True,98.35285357509099
228,Person_228,37,33573.44743817027,Finance,False,62.736286275749954
229,Person_229,47,58094.84837725662,HR,True,25.027985337582333
230,Person_230,79,29869.009065604743,IT,False,16.71041438845377
231,Person_231,28,70943.66122823492,HR,True,19.307904608369785
232,Person_232,75,39615.4467787239,Marketing,True,2.1480622901726405
233,Person_233,72,59311.60449666261,IT,True,38.54503086602982
234,Person_234,45,40538.26590334411,Finance,False,18.068111274495184
235,Person_235,42,36387.428653793926,Finance,True,40.753196115491846
236,Person_236,56,53564.67464359518,Finance,True,94.16618743362908
237,Person_237,79,65651.53456049206,IT,False,43.96576668536871
238,Person_238,50,46366.06468623105,HR,False,87.67949932259889
239,Person_239,18,48901.35859970424,Marketing,False,59.81999703444647
240,Person_240,74,62172.17027688629,HR,False,24.38894867863777
241,Person_241,44,62644.90903839438,HR,True,36.15437883727007
242,Person_242,79,49353.17537110111,Marketing,True,8.096446995379388
243,Person_243,74,43384.51862874401,Marketing,True,33.64082133343481
244,Person_244,69,51116.38014709705,IT,True,67.83837370100242
245,Person_245,30,47036.33763654849,IT,True,7.5661109224620455
246,Person_246,58,54670.89350341157,IT,False,21.449146347276454
247,Person_247,20,32093.836379220935,IT,True,38.43899487909832
248,Person_248,56,54127.359836682415,IT,True,98.27841183991522
249,Person_249,23,39268.76035382608,Marketing,True,79.45036907879248
250,Person_250,25,63627.16081386238,HR,False,73.52345070002292
251,Person_251,44,40065.918940277086,IT,False,11.222621903878798
252,Person_252,26,40163.824957421515,IT,True,78.44332200638388
253,Person_253,79,56800.43870929452,HR,False,78.750608922668
254,Person_254,54,50305.250883532346,IT,False,59.95631839129753
255,Person_255,50,84379.17212431188,HR,False,98.77738517360406
256,Person_256,68,25547.735039695985,HR,False,32.37626084879774
257,Person_257,59,51605.758332175865,Marketing,False,93.86130014543429
258,Person_258,61,67070.51169680993,Finance,False,91.34023158629391
259,Person_259,41,41363.834413264616,Marketing,False,0.7266676738168534
260,Person_260,32,36469.798250580185,Finance,True,45.20472999156102
261,Person_261,76,37008.71016510402,Finance,True,97.86602396213675
262,Person_262,71,25609.90609610878,Finance,False,10.484737129422314
263,Person_263,49,70283.20158736354,IT,True,54.74728476861362
264,Person_264,49,45086.861462699024,Marketing,True,97.80691907609788
265,Person_265,41,43292.90359324294,Finance,False,56.270545309412775
266,Person_266,58,18125.304579635056,HR,True,19.0152332406345
267,Person_267,69,28335.157060292295,IT,False,58.85020643228671
268,Person_268,66,72068.26402451024,Marketing,False,19.945849403371525
269,Person_269,79,54583.96183431803,Finance,False,52.265015206549116
270,Person_270,66,67607.70811861633,HR,True,7.0368702729047925
271,Person_271,75,65446.01104501992,Marketing,True,60.2701909572938
272,Person_272,69,35041.40924036042,Marketing,True,51.47304099285204
273,Person_273,29,86424.24999605487,IT,True,73.77883739184442
274,Person_274,79,79260.367735011,Marketing,False,62.83524478763758
275,Person_275,56,41521.18740473638,IT,False,55.56926439802095
276,Person_276,19,-3468.7186976502185,Finance,True,69.00059051137093
277,Person_277,20,44635.73133873969,IT,False,14.50671905182789
278,Person_278,66,53469.25243931616,HR,False,59.30738614408468
279,Person_279,54,41492.85702024325,IT,True,17.63952993413682
280,Person_280,66,46655.751096015694,HR,False,92.72974892430754
281,Person_281,73,37561.79009282019,IT,True,6.678946162385552
282,Person_282,34,63505.7396277037,Marketing,False,42.245333022766005
283,Person_283,76,51022.7622138852,Finance,True,69.68789599474542
284,Person_284,66,64241.24458240963,HR,False,46.0900609280936
285,Person_285,19,68198.23483571723,IT,False,8.720101404128561
286,Person_286,19,17477.40289038511,IT,True,55.19020430332115
287,Person_287,45,38505.80341026375,IT,True,64.43177113346593
288,Person_288,71,40606.82857576435,Marketing,True,69.59376707048989
289,Person_289,40,88455.36845737974,Marketing,True,37.00155535457095
290,Person_290,54,52252.883576972796,HR,False,56.55445157368942
291,Person_291,49,62200.719553904724,HR,False,45.62115671331712
292,Person_292,50,21882.056889181506,Marketing,True,68.29849378136092
293,Person_293,18,52103.858235976775,HR,False,59.3350241166654
294,Person_294,36,64793.88694523036,Finance,True,52.64750669707149
295,Person_295,79,62875.45097556877,Finance,True,24.710323243083888
296,Person_296,19,59216.40840529103,Marketing,False,0.6634129087088347
297,Person_297,70,50081.779321879156,HR,False,17.136371069281097
298,Person_298,61,50917.2881554682,IT,True,11.325556499944039
299,Person_299,43,24594.455928447285,Finance,True,44.755841474912124
300,Person_300,49,36524.79283626792,Marketing,True,61.010478426095915
301,Person_301,23,53455.12194271061,HR,False,21.514816180013753
302,Person_302,49,39358.09474771335,Marketing,False,93.60450878565153
303,Person_303,72,60306.46429564551,IT,False,0.7107739510376853
304,Person_304,21,56802.110627485796,Finance,False,78.02757824223696
305,Person_305,72,70498.44415198332,Marketing,True,62.58154731008125
306,Person_306,28,64173.12952351192,Marketing,True,38.11385124882908
307,Person_307,73,53436.06023511829,Marketing,True,5.649922741773767
308,Person_308,76,61325.425810827226,IT,True,63.04467729677825
309,Person_309,34,64977.90998586659,Marketing,True,38.384274891595545
310,Person_310,55,42530.29638001945,IT,True,94.14696792999646
311,Person_311,41,45144.31814967581,IT,False,54.074020029657554
312,Person_312,22,48668.25745464034,IT,False,93.96414630183733
313,Person_313,69,42885.99822317822,Finance,True,22.213468684413208
314,Person_314,51,65136.027658377076,Finance,True,72.56990730021359
315,Person_315,23,40668.42341762185,Marketing,False,61.3647682256673
316,Person_316,39,68712.31198032053,Marketing,False,73.17727352563975
317,Person_317,28,44507.190467404595,Finance,False,21.94635286241642
318,Person_318,65,57068.81454331001,HR,False,66.78462268718056
319,Person_319,33,52608.69681712302,Finance,True,48.943733809438726
320,Person_320,50,35433.33557621733,IT,True,73.9091038158632
321,Person_321,26,49693.59747780691,Finance,True,32.793997129818464
322,Person_322,77,54809.49225240494,IT,True,89.22698872330554
323,Person_323,76,48972.08694668961,Marketing,True,7.670904631651491
324,Person_324,23,29929.82385135418,HR,False,80.67431254584758
325,Person_325,33,75549.44967899723,Marketing,True,86.40178987913608
326,Person_326,46,51165.170049484754,IT,False,81.54947523573249
327,Person_327,20,37904.80257530028,IT,True,51.400554250394805
328,Person_328,37,74331.07126702486,IT,True,43.5947220620539
329,Person_329,77,59155.141429033305,HR,True,100.08082682833745
330,Person_330,76,31901.370407892104,Finance,True,22.51755226448308
331,Person_331,53,34399.83957688009,Marketing,True,54.11655746805727
332,Person_332,36,46784.30307972393,Marketing,False,67.08201597026334
333,Person_333,43,54384.5344800437,Finance,False,69.37000059999895
334,Person_334,20,59337.52144119761,Marketing,False,19.349910979826472
335,Person_335,36,64245.25252633008,HR,True,65.94127688300713
336,Person_336,37,58077.16568553248,Marketing,True,81.34484440735332
337,Person_337,49,70205.24952723057,IT,False,4.335031890819316
338,Person_338,24,51977.54728799106,Finance,True,90.74624994405684
339,Person_339,69,38538.01685815371,HR,True,2.5220801988151953
340,Person_340,58,49797.20920166379,Finance,False,35.52604751825766
341,Person_341,50,49134.2910881735,HR,True,1.0345762564532235
342,Person_342,57,11435.710747511625,IT,False,7.963609925086264
343,Person_343,56,41469.133326440184,Finance,True,91.43994558358676
344,Person_344,35,54726.61919513436,Marketing,False,34.84858734930702
345,Person_345,57,43737.83673828182,HR,True,42.16810473103109
346,Person_346,18,40381.76396710762,Finance,True,21.27290951823597
347,Person_347,28,63716.84426806139,Marketing,False,59.62707333798881
348,Person_348,45,36234.78993920924,Finance,True,60.0216632262708
349,Person_349,74,60847.070149568535,Finance,True,37.79019589002323
350,Person_350,42,30030.918825421675,Finance,False,34.55292087362273
351,Person_351,67,91359.9331099607,HR,True,87.3617438534817
352,Person_352,40,46851.8246693657,Marketing,False,37.86627610264432
353,Person_353,48,45160.6265247543,IT,True,50.25710380597831
354,Person_354,47,67180.96831607414,HR,True,27.430126083604645
355,Person_355,59,43739.74230806239,HR,True,79.57258286779809
356,Person_356,52,71873.59468226168,HR,True,39.81849132648078
357,Person_357,24,55476.06183195798,IT,False,51.45317104094372
358,Person_358,77,48078.92085308956,Marketing,True,24.695818012906408
359,Person_359,33,46768.32472176773,Marketing,False,98.54037762412302
360,Person_360,43,68138.84101263285,Marketing,True,30.02326227222724
361,Person_361,65,53534.39294679341,Finance,True,77.05041152293455
362,Person_362,74,56308.655045843785,Finance,True,42.52731552157082
363,Person_363,69,58221.69639992588,Finance,True,20.824600106603608
364,Person_364,77,51941.894213804786,IT,False,79.8757675963348
365,Person_365,66,57717.461578568844,Finance,False,33.53325447780754
366,Person_366,19,48218.81134302194,IT,False,86.09446407370115
367,Person_367,18,49155.07250154711,Marketing,False,91.48714216747825
368,Person_368,65,33213.102909776804,Finance,True,85.66184540640724
369,Person_369,79,54452.769929074515,Finance,False,2.5988081603332263
370,Person_370,29,24312.924489840083,HR,False,78.9783133941344
371,Person_371,22,54404.705509377636,IT,True,40.51706022913661
372,Person_372,54,45938.91133681194,Marketing,True,87.28992155317046
373,Person_373,49,55392.32514382506,HR,True,64.25846039138783
374,Person_374,76,34174.05830579053,HR,True,82.61540668612562
375,Person_375,72,17982.15080303813,Marketing,False,50.24551903515833
376,Person_376,26,44617.66616795341,HR,False,53.35264373140895
377,Person_377,58,34246.35814605314,IT,True,13.955501512903192
378,Person_378,52,23332.70591336546,IT,True,79.41019751337858
379,Person_379,36,61467.75572196929,Finance,True,41.938683018819745
380,Person_380,65,73969.36640003574,HR,False,49.72396538236989
381,Person_381,33,38063.90493170173,Finance,False,78.11966494838757
382,Person_382,20,48692.50662715741,HR,True,60.32512124216225
383,Person_383,37,45299.35643450643,IT,True,19.80384463103504
384,Person_384,41,40066.16800777522,IT,False,59.40152496435979
385,Person_385,71,59935.81800945719,IT,True,40.762045882403996
386,Person_386,73,65159.81730545183,HR,True,47.51064823660319
387,Person_387,50,37120.957139989245,IT,False,2.3098577165253364
388,Person_388,41,50762.336622531664,HR,True,20.551403332080156
389,Person_389,69,69191.06450655921,Finance,False,27.963305481087794
390,Person_390,28,60309.41014227944,HR,True,71.1969675371182
391,Person_391,66,62532.517662298116,Finance,True,0.971968815463026
392,Person_392,25,70468.36435998415,HR,False,42.19344632562646
393,Person_393,53,70349.92916818084,Finance,False,93.43431054474925
394,Person_394,55,65243.66149924889,IT,True,11.337589192322907
395,Person_395,57,52262.13266051836,Finance,False,51.85092485888634
396,Person_396,37,44432.10981720016,IT,True,78.53402214904492
397,Person_397,79,51525.1824256306,IT,True,93.72821798525261
398,Person_398,52,41954.96326713769,Finance,False,74.58662783309417
399,Person_399,65,20728.401329560635,HR,True,72.44211374017164
400,Person_400,79,45909.452610695414,HR,True,83.30162240036026
401,Person_401,42,55330.46428587658,Marketing,False,45.11797630801572
402,Person_402,52,41284.35325011749,HR,False,79.8295661152062
403,Person_403,42,47157.15265866621,Marketing,True,0.651826635468256
404,Person_404,46,47925.61040489948,HR,False,91.72167175524748
405,Person_405,35,70319.9854117671,HR,False,44.91507273041889
406,Person_406,63,44410.840844854385,IT,False,55.1318265891746
407,Person_407,35,70206.20682068326,Marketing,False,25.464669833672712
408,Person_408,19,9313.835446020408,HR,True,74.49310841804466
409,Person_409,71,70320.62492933762,Marketing,True,9.04665060743083
410,Person_410,52,69395.8408088973,IT,True,87.3977177245783
411,Person_411,33,63510.72685585034,IT,False,82.69254738173116
412,Person_412,78,19889.714225676584,Marketing,False,20.98549056387482
413,Person_413,58,65186.78166824937,IT,False,81.6617595527778
414,Person_414,53,49187.085424951765,Finance,False,78.54495507399962
415,Person_415,50,11943.165732369067,Finance,False,64.05023100785874
416,Person_416,21,69590.48842680869,IT,False,37.90482424644311
417,Person_417,50,71816.76345941416,Finance,False,26.91839736688255
418,Person_418,31,21274.377423073125,HR,True,22.48222093850705
419,Person_419,38,52617.09757960287,Marketing,True,31.99718083496252
420,Person_420,65,70969.59271916923,HR,False,90.04839257886724
421,Person_421,37,68492.28922021942,Marketing,False,7.783750520106281
422,Person_422,73,62491.99184409295,IT,False,83.41165242872303
423,Person_423,25,10136.590589576284,HR,True,34.062216446369945
424,Person_424,24,61058.4359547195,IT,True,52.29224652316992
425,Person_425,20,46764.493045885305,IT,False,79.82836146029193
426,Person_426,34,64790.56429200324,Marketing,False,88.84170998317515
427,Person_427,50,53961.410981894864,Marketing,True,33.79637092167099
428,Person_428,65,49541.73548949124,Marketing,True,46.39401636239801
429,Person_429,29,59591.5091257218,HR,True,42.05337477263257
430,Person_430,76,47394.83796358642,Finance,True,1.4967202495910925
431,Person_431,68,49797.67893450565,Marketing,False,29.53644178281139
432,Person_432,39,41645.53539388056,Marketing,True,46.488729843542906
433,Person_433,72,25892.40086360149,HR,True,40.762201482824565
434,Person_434,39,58381.494272079304,Marketing,False,71.42800629746631
435,Person_435,63,37845.505437035594,HR,True,38.38006281464486
436,Person_436,47,46906.39246330092,IT,True,49.205167492919024
437,Person_437,55,54228.08714020853,Marketing,True,43.48032759395455
438,Person_438,55,18722.363799007606,Marketing,False,74.32786617652103
439,Person_439,62,21836.34880626339,IT,True,86.71515043305868
440,Person_440,68,45352.89832632027,IT,False,53.7115636158034
441,Person_441,71,56807.35034713412,IT,False,78.77353091637006
442,Person_442,25,61172.69952804781,Marketing,True,29.604698551031262
443,Person_443,44,26106.939281997005,Finance,True,54.78054491230181
444,Person_444,44,59545.39281721373,Finance,True,33.9179168548819
445,Person_445,51,46283.04406388943,Finance,True,41.63465898794418
446,Person_446,38,36750.79086322988,Marketing,False,72.88303206680834
447,Person_447,47,40315.136381135664,IT,True,88.71637903488676
448,Person_448,50,62070.57335347127,Marketing,True,12.14057136848897
449,Person_449,45,54041.19093513772,IT,True,63.46772261642711
450,Person_450,64,50846.1073152881,Marketing,False,59.07882070147819
451,Person_451,50,53668.14695156883,Marketing,True,11.303482527868866
452,Person_452,22,64044.68804487688,IT,True,21.29734278062021
453,Person_453,77,48686.79373207686,Finance,False,31.010186407719114
454,Person_454,78,50670.51062467622,IT,False,16.95931273977166
455,Person_455,65,66986.65834818021,HR,True,25.33761364577865
456,Person_456,36,45107.55544004968,HR,True,26.45745913120816
457,Person_457,21,59105.61968719733,IT,True,32.96868444772894
458,Person_458,52,42586.450486172216,Marketing,True,74.5343815672749
459,Person_459,66,43727.60165934196,HR,True,57.07481134394961
460,Person_460,34,48496.75695151635,HR,False,98.65678261199182
461,Person_461,61,57717.4537285154,Marketing,False,41.53084709464039
462,Person_462,45,67773.49048548767,Marketing,True,76.28783785928022
463,Person_463,47,51553.73341329482,Finance,True,87.9592616599808
464,Person_464,46,27777.51863320057,Marketing,False,68.54932254833767
465,Person_465,63,59420.1935753735,IT,True,42.44369336005827
466,Person_466,70,86775.39675710112,IT,True,75.7715123029066
467,Person_467,23,51365.12251168355,Finance,True,20.920891319024808
468,Person_468,52,24503.63570265192,HR,True,33.15760177896013
469,Person_469,77,52635.96987434697,HR,True,54.98897816682577
470,Person_470,58,49781.47256603692,Marketing,False,57.73813699070625
471,Person_471,54,48486.87880335947,IT,True,2.0157190248052856
472,Person_472,41,63986.225371340464,HR,True,93.88802975168194
473,Person_473,46,70738.63870757315,Finance,True,69.59740013725794
474,Person_474,66,60328.28531997765,Finance,False,49.85326187302514
475,Person_475,63,47911.795335497096,IT,False,93.34885439131783
476,Person_476,70,66935.10776868272,Finance,False,43.37688867802322
477,Person_477,48,27608.443093885508,Finance,False,97.9606155020455
478,Person_478,52,39222.431218304664,IT,True,51.119474320056945
479,Person_479,77,41027.60300364258,Marketing,False,11.397399678813555
480,Person_480,50,49415.246720898176,Marketing,True,76.72555492039105
481,Person_481,69,57715.77385866196,Finance,True,68.2429015262392
482,Person_482,78,46916.45361953931,Marketing,False,77.0486464050714
483,Person_483,38,36587.616750662586,Marketing,False,95.63476346657436
484,Person_484,49,64522.22366809381,Finance,False,78.21474932493597
485,Person_485,40,46432.99195906958,Marketing,False,61.293811188188954
486,Person_486,50,51537.792526819736,Finance,False,86.06326537206063
487,Person_487,20,58271.248036920864,HR,True,67.81675965668413
488,Person_488,35,50632.24696890601,IT,False,40.26308335780258
489,Person_489,42,50520.507179339686,IT,False,89.08934209166823
490,Person_490,59,65453.37006571278,Marketing,False,21.79501564213831
491,Person_491,48,52284.35528919592,Marketing,True,71.11777667255822
492,Person_492,71,62889.18096445452,Marketing,False,88.25449007798308
493,Person_493,75,58210.41752652179,IT,True,72.05963190749229
494,Person_494,20,80118.67617145496,HR,False,69.81535205949858
495,Person_495,57,56108.55587913188,HR,False,75.75471988066151
496,Person_496,63,59494.28063982123,IT,True,45.68256290684143
497,Person_497,41,66492.50761699061,HR,False,87.96157287797583
498,Person_498,67,51098.969945244666,IT,True,19.994253704345393
499,Person_499,49,40578.849121674124,HR,True,12.84207249028033
500,Person_500,64,43014.85792920627,Finance,True,28.27409075834842
501,Person_501,39,42986.17038945459,Finance,False,53.44419891956384
502,Person_502,40,35835.79730472925,IT,False,51.568653319015695
503,Person_503,19,54778.31375072084,HR,False,82.38338094984992
504,Person_504,44,40561.81074961404,Marketing,True,40.45487506565489
505,Person_505,59,52915.05618326579,HR,False,48.19651496085415
506,Person_506,19,47795.72513007837,Finance,True,1.302117311254007
507,Person_507,43,49512.261461167924,Finance,False,41.30190937677373
508,Person_508,34,58415.33935927755,HR,True,65.12255649462067
509,Person_509,57,41854.48303762072,HR,True,1.8262463537472793
510,Person_510,50,59587.32176487706,Marketing,True,27.446907747845852
511,Person_511,26,73562.67466003806,Marketing,False,20.784124699721286
512,Person_512,60,55094.47535309097,HR,True,3.881828408860247
513,Person_513,71,38362.39629250942,HR,True,48.25847350140666
514,Person_514,65,40682.60531875876,HR,True,17.78984344612635
515,Person_515,56,46315.240857023,HR,True,74.53418084218012
516,Person_516,46,40847.67398897725,IT,True,84.65169449592759
517,Person_517,59,35077.23350318904,HR,True,53.61897017528191
518,Person_518,72,52523.87686771732,Marketing,False,98.63621389505816
519,Person_519,43,46785.65917355221,Finance,False,45.03521353612755
520,Person_520,52,52999.36009836433,IT,True,51.97480967037439
521,Person_521,67,67729.08041649389,HR,False,98.0891208564362
522,Person_522,42,46465.084774814655,Finance,False,23.009082941046135
523,Person_523,41,32346.899155104766,IT,True,94.1463917572106
524,Person_524,30,44079.92210966727,Finance,True,4.418858657530481
525,Person_525,77,61607.23484448547,HR,True,43.97609537424098
526,Person_526,75,60314.61225778733,HR,False,7.272370141693466
527,Person_527,24,57675.54921764212,Marketing,True,73.87930549450482
528,Person_528,74,40610.9753486239,HR,False,61.078162261234546
529,Person_529,53,61103.130714223546,HR,True,70.70986254767139
530,Person_530,62,64543.97556536243,IT,False,36.75931129328901
531,Person_531,37,39676.09409086826,Marketing,True,36.561070346359514
532,Person_532,18,49284.71361024292,IT,True,4.504005445678073
533,Person_533,25,80379.58188064418,Finance,False,34.72960571754256
534,Person_534,63,39067.734357245994,HR,False,93.44196843934144
535,Person_535,33,24405.906143844935,Finance,False,38.189505318529214
536,Person_536,31,70795.55286095195,IT,False,84.48295991602048
537,Person_537,29,67123.4027885227,HR,False,83.74212125678126
538,Person_538,68,43023.34064003197,HR,False,37.34067294361925
539,Person_539,40,48243.47803744859,IT,True,62.50712185335176
540,Person_540,32,31525.608125998537,IT,False,8.4259398400107
541,Person_541,45,51280.61177813723,IT,True,10.729218563154227
542,Person_542,51,67560.3168003791,IT,True,5.114074057655009
543,Person_543,19,41801.40770053161,IT,False,57.674214120188054
544,Person_544,49,63153.01435910121,HR,True,42.653612572406416
545,Person_545,40,56851.61169916335,IT,False,54.48860186696123
546,Person_546,39,58789.89557967047,HR,False,51.860215323417144
547,Person_547,68,42680.85129218214,HR,True,34.86015680268989
548,Person_548,42,44832.93531118858,IT,True,67.29905889364515
549,Person_549,75,22304.506392313913,IT,False,75.4918631367291
550,Person_550,79,41359.25885455211,Marketing,False,1.1186081657954445
551,Person_551,78,67435.17919581431,HR,True,20.935669400264494
552,Person_552,39,35953.73940571928,IT,True,69.93647672034128
553,Person_553,75,38354.41012988424,IT,True,38.548202632641015
554,Person_554,75,59576.71107737417,IT,True,65.70455375589198
555,Person_555,39,56057.84540539914,Marketing,False,34.170489630343205
556,Person_556,66,60311.01343593985,Marketing,False,38.812688545921844
557,Person_557,69,32496.15766825761,Finance,False,15.860717513981914
558,Person_558,59,88363.50703854364,HR,False,25.715896035762654
559,Person_559,23,31847.3216811734,Finance,True,60.00914549585962
560,Person_560,32,52296.394395831056,IT,True,43.67715939073943
561,Person_561,71,47588.69847260137,Marketing,False,76.97896630102926
562,Person_562,60,32180.555849680073,Marketing,False,84.89114236587122
563,Person_563,77,44378.97247845268,Finance,False,54.306887714623244
564,Person_564,54,50318.478870610445,Marketing,False,75.98691348775229
565,Person_565,50,40270.964803517294,IT,False,30.38460148889051
566,Person_566,25,63954.94062311706,Marketing,False,40.02904052495824
567,Person_567,70,47486.67861875502,Finance,False,70.83502217838917
568,Person_568,77,30018.70834408797,IT,False,38.7021433748232
569,Person_569,61,28571.84135668059,Finance,False,59.1947975427439
570,Person_570,61,59037.32027827944,Marketing,True,18.497629579486926
571,Person_571,22,27564.051098939028,Finance,False,59.737638473511986
572,Person_572,56,54831.458859483675,Finance,True,87.29797622553903
573,Person_573,21,56564.235203653305,HR,True,86.6777209215899
574,Person_574,23,35068.1402750436,Marketing,False,72.74055697634952
575,Person_575,62,63190.252749691695,Marketing,False,73.90781185989916
576,Person_576,49,24314.91292361193,Finance,True,55.247660590465586
577,Person_577,69,54564.56963434024,HR,True,58.790471822313584
578,Person_578,47,49435.583030607675,Marketing,False,13.887338778944486
579,Person_579,64,48061.58235089607,IT,True,44.19106039703341
580,Person_580,52,32415.426569682335,Finance,False,44.153310542821124
581,Person_581,72,35861.93503403707,Marketing,False,95.76600489707342
582,Person_582,57,74164.9331874368,IT,False,43.203389212718726
583,Person_583,69,68188.97902850053,Marketing,True,54.98367350974018
584,Person_584,33,61090.93206052233,IT,True,53.043445095429746
585,Person_585,30,64047.21668782729,Finance,False,63.59972964480225
586,Person_586,67,62817.5705948595,Marketing,True,74.44839471104754
587,Person_587,77,45350.83941535113,Marketing,True,21.94826850521878
588,Person_588,59,50577.139623480325,HR,True,53.25027617016698
589,Person_589,47,27843.491089952407,Finance,True,82.6406698883044
590,Person_590,36,48668.840431491604,IT,True,46.23612960443998
591,Person_591,34,67712.34209399408,Marketing,True,27.59218076597122
592,Person_592,73,40129.331151070815,Marketing,True,65.38082075736237
593,Person_593,36,65438.71660590298,IT,False,82.45689779430579
594,Person_594,45,51448.72267463345,Finance,True,7.178370080646285
595,Person_595,75,29280.395371739,HR,True,78.00631676563629
596,Person_596,72,33556.1168518973,HR,True,81.83163873520257
597,Person_597,43,63630.64831732471,Marketing,True,45.82441088750784
598,Person_598,54,58435.87215807124,IT,True,97.92472513168444
599,Person_599,43,51485.161931405404,Marketing,True,78.57057380510442
600,Person_600,70,45968.03530834838,IT,True,76.96003076444615
601,Person_601,79,53055.55304160083,HR,True,75.02126931370199
602,Person_602,40,63113.59409960941,Finance,False,13.739052193928373
603,Person_603,26,72204.01093645747,IT,True,21.990672799938455
604,Person_604,29,72662.38998933409,HR,True,46.53670189034521
605,Person_605,70,55678.3427192063,Marketing,True,27.031806237520406
606,Person_606,18,47547.020994766346,IT,True,41.96249201068102
607,Person_607,75,52211.49860266573,Finance,False,88.50456209966504
608,Person_608,75,57845.98146238405,Marketing,False,82.81483822839618
609,Person_609,18,57687.640543185524,Marketing,False,62.91995410939107
610,Person_610,64,69687.24449734195,HR,False,84.84488604638823
611,Person_611,51,81771.10235339057,IT,False,78.45665487158936
612,Person_612,49,46829.03001618632,Marketing,False,42.5863664738037
613,Person_613,79,82299.12563735811,Finance,False,20.10662596319301
614,Person_614,71,67567.65515890633,IT,False,52.24582891607154
615,Person_615,65,48448.37492756996,Finance,False,73.73528170422108
616,Person_616,42,72342.18144164121,Marketing,False,43.133292447364305
617,Person_617,57,75354.62655214586,Finance,False,67.15939848119783
618,Person_618,62,43071.21729150211,HR,False,9.614013914172581
619,Person_619,70,75984.76526487405,Finance,False,74.23289272262438
620,Person_620,18,66068.41565679971,IT,False,80.46824310556887
621,Person_621,33,85575.91406708508,Finance,False,70.19511679844476
622,Person_622,78,43659.290888445656,Finance,False,97.14450965297242
623,Person_623,56,44819.8772828731,HR,True,82.51440467924252
624,Person_624,22,19648.1279251438,Finance,False,90.34994404713153
625,Person_625,39,58547.64036833572,Finance,True,92.68784351037671
626,Person_626,46,55554.79715253052,Marketing,False,80.56640867688957
627,Person_627,72,41641.69019535666,Marketing,False,66.41829236847103
628,Person_628,20,48743.98141780048,IT,True,0.24416937804508632
629,Person_629,29,30314.513090713648,Marketing,False,46.79180725186937
630,Person_630,43,67959.47713184603,Marketing,True,56.55491413971643
631,Person_631,33,42614.347111009636,Marketing,True,30.710091884525184
632,Person_632,68,96395.28133489129,Marketing,True,31.375847701071407
633,Person_633,54,47558.601245607766,HR,False,95.50290627460836
634,Person_634,39,38500.935178862586,Marketing,False,89.81432755259682
635,Person_635,74,43733.852797900916,HR,False,84.99486564671992
636,Person_636,46,28959.017793651656,HR,True,40.86069820963587
637,Person_637,31,57196.597922094625,Marketing,True,1.8789598331678028
638,Person_638,45,43656.44237490568,Finance,False,6.7125751708209425
639,Person_639,22,67072.2782416434,HR,False,31.537028141745527
640,Person_640,64,45736.76801065556,Finance,False,1.1937787073205248
641,Person_641,66,70848.77711821004,Finance,False,1.4003417961328544
642,Person_642,47,61366.397882687765,Marketing,False,91.8790507030739
643,Person_643,63,50475.43186385836,IT,True,70.43432982520068
644,Person_644,79,73748.09190578753,Marketing,True,31.192859544543527
645,Person_645,69,64221.60365690988,IT,True,13.244036276337276
646,Person_646,22,94298.31077796337,IT,False,51.24767629684974
647,Person_647,29,43803.157554179124,Marketing,True,0.289505289428801
648,Person_648,33,51190.12648377678,Marketing,True,93.30890774123533
649,Person_649,43,73654.40761371686,IT,True,41.111353153520966
650,Person_650,43,26984.82299245796,Marketing,True,40.1820834584933
651,Person_651,65,69727.44081489436,IT,True,39.977979954565484
652,Person_652,38,56635.85489264616,Finance,False,7.668786238333247
653,Person_653,56,36640.88978927092,Marketing,True,63.50557599025296
654,Person_654,53,29804.784744460052,Finance,False,73.33049080150158
655,Person_655,50,39990.670503633126,HR,False,67.468678271856
656,Person_656,79,15736.112258700117,Finance,False,13.908682642373943
657,Person_657,47,42688.16456197322,Finance,False,58.013473177330646
658,Person_658,54,59379.05554168333,IT,False,57.212205925103184
659,Person_659,40,42899.16473954593,Finance,True,85.39050940322949
660,Person_660,75,70800.69069974247,Marketing,True,38.09601517050817
661,Person_661,27,74859.7813109558,IT,False,36.9491338513351
662,Person_662,71,69119.48190321396,HR,False,61.500236914702754
663,Person_663,22,53345.644483460754,Marketing,False,63.70439368903234
664,Person_664,53,15201.638353400405,HR,True,47.66193494078142
665,Person_665,51,39364.367115246016,Finance,False,44.650437805062815
666,Person_666,69,47763.427090485726,Marketing,True,49.15549126018272
667,Person_667,48,36590.549810771416,Marketing,False,85.56652712526173
668,Person_668,27,47894.40560473245,HR,True,44.61356791133616
669,Person_669,75,74175.97547797958,Marketing,False,94.08443719527291
670,Person_670,36,25256.531520330587,Marketing,True,50.68988441352982
671,Person_671,75,77136.12658596231,Marketing,False,94.86913756304011
672,Person_672,49,63340.10827682091,Finance,True,83.75006329132657
673,Person_673,18,54086.373844214955,HR,True,35.583037143666665
674,Person_674,73,39354.704168506214,Marketing,True,86.27852265143407
675,Person_675,22,36894.14157886377,IT,True,10.881177940317578
676,Person_676,62,25623.626543502134,IT,True,92.44966319217342
677,Person_677,21,75774.52609348686,IT,True,63.74831733976612
678,Person_678,33,72998.56922712972,IT,True,5.386653740181737
679,Person_679,41,29053.135231265376,Finance,False,64.2782761396949
680,Person_680,33,41843.73887965575,Marketing,False,96.95641867457034
681,Person_681,72,56576.596097578724,HR,False,7.644355197173622
682,Person_682,19,45464.77676877672,Marketing,False,54.75317286671932
683,Person_683,66,21273.79305631775,Finance,False,74.50293525951355
684,Person_684,45,40231.24558544165,IT,True,81.87282720350188
685,Person_685,49,79143.19478012818,Finance,True,41.61686818111535
686,Person_686,44,41319.77231995319,Marketing,True,20.406567590973665
687,Person_687,37,47374.05118835132,HR,True,4.245073905001526
688,Person_688,41,32892.799221440204,Finance,True,57.499426716043565
689,Person_689,29,58961.773009881465,HR,False,45.25684340433232
690,Person_690,67,51715.97063896606,Finance,False,94.69950659547321
691,Person_691,52,38854.65743666301,HR,False,6.15030507121848
692,Person_692,77,30496.935142153317,HR,False,67.78641365178741
693,Person_693,50,71253.33879935653,IT,True,2.6955482158903763
694,Person_694,50,25888.74213658966,HR,True,17.651732508497428
695,Person_695,78,57479.13991465673,IT,True,45.255988429723125
696,Person_696,68,17649.433783765606,Marketing,False,45.81079347693973
697,Person_697,60,60452.92384595712,Marketing,True,68.72522743078669
698,Person_698,54,64644.259098772425,IT,False,90.71743341669264
699,Person_699,29,66370.34736932733,IT,True,63.37395304826352
700,Person_700,20,47561.039056045425,Finance,True,94.89431554079054
701,Person_701,18,73851.01619659734,Finance,False,88.30801027237712
702,Person_702,50,84579.18439250003,Finance,True,58.42190698708642
703,Person_703,57,45251.56199884939,Marketing,True,84.01674160282359
704,Person_704,27,43131.11569766946,Finance,False,64.65319608846535
705,Person_705,60,52333.530848006434,HR,True,8.250175583936365
706,Person_706,61,42868.98831371344,HR,False,74.1880127268071
707,Person_707,46,40633.089156766226,Finance,True,9.00974465207379
708,Person_708,30,41962.01124517174,HR,True,59.57094770495874
709,Person_709,29,75607.66399062841,Marketing,True,70.29594716833701
710,Person_710,48,61589.02999992618,HR,True,6.08357012680765
711,Person_711,63,42771.64111259297,Marketing,True,23.68444002193253
712,Person_712,19,13047.181353121954,IT,True,92.11836791362956
713,Person_713,78,26765.925053212333,IT,True,61.05937465108111
714,Person_714,68,57538.51171323292,IT,True,24.309704428494893
715,Person_715,67,18115.931660672955,IT,False,68.79300200508041
716,Person_716,52,54153.6915212743,HR,False,59.98256776806877
717,Person_717,40,34124.1828809855,Finance,True,50.404932582021836
718,Person_718,34,51362.87763120113,HR,True,97.64090110520155
719,Person_719,43,50730.449499088485,Marketing,False,68.48230638095045
720,Person_720,25,52022.3453023286,HR,True,36.9002948685685
721,Person_721,46,44207.81152695351,HR,True,80.19802384836603
722,Person_722,43,43555.817410777185,Marketing,False,88.40788660434575
723,Person_723,27,39103.89396681675,IT,True,12.182534360403848
724,Person_724,43,57298.7038797044,IT,True,19.28904464756149
725,Person_725,79,62098.12280320264,IT,False,21.636181490871145
726,Person_726,51,31769.621154438144,Finance,True,69.29966088676294
727,Person_727,68,49141.61088829045,Marketing,True,59.45271460447504
728,Person_728,58,53058.50830441323,Marketing,False,61.908399505187035
729,Person_729,24,52709.220807028076,HR,True,94.13844984487434
730,Person_730,21,52569.62086881332,Finance,False,77.31403850915676
731,Person_731,75,43889.78391877594,IT,True,12.983611552375905
732,Person_732,70,54450.270780513434,Finance,True,34.684377034379445
733,Person_733,67,59339.98299965083,Marketing,False,43.68095012024175
734,Person_734,62,52403.97306499583,Marketing,False,39.863282341198016
735,Person_735,28,57671.85774563847,HR,True,67.19826436926319
736,Person_736,46,64799.154729875736,HR,False,89.6977205723795
737,Person_737,73,22318.8327109299,Marketing,False,30.77430894667109
738,Person_738,53,64242.01540979983,IT,True,54.94919327173016
739,Person_739,42,55173.7488927689,IT,True,78.61704716898195
740,Person_740,38,33388.659331122304,Finance,True,41.090151508100625
741,Person_741,78,62113.235947736095,Marketing,False,16.88740266148604
742,Person_742,74,43925.818308564005,Marketing,False,48.155752383701085
743,Person_743,53,45964.01761474871,IT,False,5.3430257713092715
744,Person_744,27,42305.38156315363,IT,False,94.46314952408267
745,Person_745,54,54548.736903010424,Marketing,True,7.105980517239724
746,Person_746,26,38197.38574517186,HR,False,43.94307398263813
747,Person_747,41,63424.56239262449,Marketing,True,53.61779967288984
748,Person_748,52,47994.59261313189,Marketing,False,98.87350721539453
749,Person_749,66,44565.26722969459,IT,True,15.816776347716502
750,Person_750,52,61310.02806334664,IT,True,11.728499269253629
751,Person_751,65,45180.8496346964,HR,True,1.1787275956511338
752,Person_752,53,64184.829570197966,HR,False,15.643887173543774
753,Person_753,35,64609.76114643209,Finance,True,21.061058963117933
754,Person_754,66,30071.316455969078,Marketing,True,62.64134313845046
755,Person_755,56,66568.55374517853,IT,False,22.002310616542083
756,Person_756,49,28090.399474141,HR,True,2.607168443401572
757,Person_757,41,67739.90894286487,Finance,False,83.17180929198206
758,Person_758,40,80392.13210898465,Finance,False,36.833592587399664
759,Person_759,79,63218.58678810889,IT,True,34.92817104632295
760,Person_760,49,17702.161231108472,IT,True,29.72767103148302
761,Person_761,54,65984.63254711639,Finance,False,97.59459955186377
762,Person_762,29,83734.96933323065,HR,True,17.101928850291067
763,Person_763,66,45445.03472810247,Finance,False,89.77362050918488
764,Person_764,72,49482.927796430995,Marketing,False,77.27794072489046
765,Person_765,30,32117.887776280946,Marketing,False,7.866476087626505
766,Person_766,40,54685.33699440845,IT,True,98.72799282443215
767,Person_767,42,68979.13513856858,HR,False,27.28150851217629
768,Person_768,52,60566.62243154947,HR,True,10.155009582053287
769,Person_769,58,96959.55491644914,Marketing,True,82.79459851873693
770,Person_770,47,50543.51097359951,Finance,True,70.42317417908026
771,Person_771,34,25573.558158913263,IT,True,62.27566324944439
772,Person_772,66,52589.166169940894,Finance,False,15.219407126628232
773,Person_773,79,13855.673416699201,Finance,True,47.61502452586519
774,Person_774,37,41974.828768028005,Finance,False,78.67272659643511
775,Person_775,65,74391.2742634604,HR,False,30.088881688879194
776,Person_776,42,54705.35054065792,Marketing,True,31.119674029683868
777,Person_777,39,52649.72050425551,HR,False,0.10810567025569753
778,Person_778,30,77397.27929384787,Marketing,False,16.532729423896058
779,Person_779,76,45807.085451495805,IT,True,87.47890868618103
780,Person_780,36,68943.2805307167,IT,False,43.66933828198144
781,Person_781,66,51871.85292030673,Finance,False,98.55074013976518
782,Person_782,53,55689.61325470822,Marketing,False,40.12361561239982
783,Person_783,29,31678.659413178648,Marketing,False,70.4115586114373
784,Person_784,78,42644.578517147405,Marketing,True,27.98844579847277
785,Person_785,58,29075.82683883788,Finance,False,36.607125730575845
786,Person_786,36,48566.36415041735,Finance,False,17.980924299874577
787,Person_787,29,55917.29807071272,IT,False,35.37436953015062
788,Person_788,26,33428.872214428106,HR,False,54.913698060466054
789,Person_789,24,80860.20971398125,Marketing,True,99.7188945088909
790,Person_790,45,54184.938960923675,Marketing,False,66.13819737562285
791,Person_791,31,50993.79588623861,HR,True,19.70293505569331
792,Person_792,48,61447.28881944528,Marketing,False,4.415675981755578
793,Person_793,69,37656.97476993398,Finance,True,13.70475265522683
794,Person_794,36,52498.10122914459,Finance,True,56.91457280755327
795,Person_795,75,39270.31595988761,Marketing,True,76.58220673143101
796,Person_796,64,73424.67187475105,Finance,True,94.16912161590008
797,Person_797,33,34024.335871210234,Finance,True,1.8997691054745482
798,Person_798,70,50827.8072086151,Marketing,False,53.47179156668271
799,Person_799,22,55110.71959588434,IT,False,47.2780955188462
800,Person_800,52,55905.5139482958,HR,False,65.62848189562979
801,Person_801,29,41263.17306157685,Finance,True,55.7885862482267
802,Person_802,42,36457.1280203994,IT,False,68.82137268200778
803,Person_803,69,41349.89457375883,Finance,True,65.51474756574342
804,Person_804,76,57916.04962527301,Finance,True,11.949218654833057
805,Person_805,38,47808.15464416967,HR,False,79.2554930469762
806,Person_806,53,61943.30556246207,Finance,False,12.193007276929318
807,Person_807,70,57163.77118496432,HR,True,70.22037894827737
808,Person_808,40,16095.25563663195,HR,True,41.79909859122935
809,Person_809,33,53678.60895448427,HR,False,51.153761147633965
810,Person_810,74,83914.8155280384,IT,False,90.21378918236273
811,Person_811,56,70043.23818707946,Marketing,False,89.50603999069476
812,Person_812,62,56405.55983913173,IT,False,81.18042971749125
813,Person_813,70,34085.60540969593,Marketing,True,50.41254122167666
814,Person_814,59,57027.158508271415,Marketing,False,73.15916403729456
815,Person_815,75,61144.04348590727,HR,False,51.284366619747615
816,Person_816,56,46295.68099555634,Finance,False,86.28223921384965
817,Person_817,31,54925.899628494866,HR,True,40.75408411967298
818,Person_818,48,72549.94108051593,Finance,True,96.56138821205975
819,Person_819,75,37116.53106495558,Marketing,True,93.34445360175933
820,Person_820,22,34031.11946657082,HR,True,73.87072539471885
821,Person_821,52,60327.1420906695,Finance,False,27.908839877187336
822,Person_822,40,56929.57829639477,IT,True,12.363685924496469
823,Person_823,46,65364.643954255596,Finance,False,85.97100313192472
824,Person_824,60,58464.48006082485,HR,False,16.049479614610426
825,Person_825,28,41563.37363875932,IT,False,84.89297053921172
826,Person_826,35,56527.963650985424,Finance,False,50.266005177937096
827,Person_827,64,32903.10297035091,Finance,True,40.93283203628923
828,Person_828,29,46179.93058818518,Finance,True,90.80028608758445
829,Person_829,26,57671.29079231753,Finance,True,60.614543952208734
830,Person_830,27,44593.73576887363,Finance,False,57.43516043297858
831,Person_831,75,87258.80174732288,IT,False,55.223169533712266
832,Person_832,61,21633.352884592,Marketing,False,36.96754140824031
833,Person_833,34,41554.30986083313,IT,False,78.07523068064995
834,Person_834,78,35695.51493847365,IT,False,24.82078681536004
835,Person_835,55,39557.16288231525,IT,True,93.09790233964266
836,Person_836,24,40485.0760630199,Marketing,False,89.45575848459383
837,Person_837,63,30025.306884122718,HR,True,34.53473864125274
838,Person_838,30,61500.63010586712,Marketing,False,73.2254453446796
839,Person_839,57,41959.87043289289,IT,False,57.26942425103329
840,Person_840,59,52474.654710173934,Finance,True,33.74464426351839
841,Person_841,26,43531.558965581935,Finance,True,97.32827614334786
842,Person_842,67,39726.24683744571,IT,False,2.311816873876732
843,Person_843,44,75273.1880310348,Finance,False,24.551265114518493
844,Person_844,75,63912.19632981568,IT,False,52.074612375066174
845,Person_845,19,21995.787165899943,Finance,False,52.06531235352227
846,Person_846,22,20455.16839472036,Marketing,True,58.45865522395264
847,Person_847,46,65692.86856269222,HR,False,75.22356555453622
848,Person_848,54,42294.64014549619,HR,True,62.39942262843311
849,Person_849,55,25106.762661678706,Marketing,False,60.78745807253191
850,Person_850,36,65717.61233309987,Marketing,True,5.694655041527694
851,Person_851,25,52582.90480224433,IT,True,37.76151517394827
852,Person_852,65,53766.28155577958,IT,False,22.731816733289904
853,Person_853,62,62221.50572451037,IT,True,26.0002916006438
854,Person_854,18,30542.459387821,Finance,False,55.73317143775279
855,Person_855,39,25541.309392347972,IT,True,19.850496806740626
856,Person_856,69,73783.4865316188,Marketing,False,29.519592897253055
857,Person_857,34,28603.125064910768,HR,True,24.19747111381979
858,Person_858,24,31682.589494460724,Finance,False,94.09372493424857
859,Person_859,42,34574.622986577626,IT,False,95.16509090962401
860,Person_860,62,81260.76674026663,Finance,True,61.47884675307967
861,Person_861,21,57180.58289249303,Finance,True,91.42502676219617
862,Person_862,53,64251.28291273444,IT,True,79.75781077129281
863,Person_863,23,52975.81438839256,Finance,True,59.1554764397216
864,Person_864,77,40737.194793673305,HR,False,0.4042519994680943
865,Person_865,48,59337.8524746597,Marketing,True,77.51115971974286
866,Person_866,36,26612.750581696917,Marketing,False,69.76009684037753
867,Person_867,78,33498.60658357799,HR,True,61.798429504838175
868,Person_868,61,60979.84703856751,Finance,False,75.64568293907952
869,Person_869,71,29752.45855167515,IT,False,52.302396245211874
870,Person_870,56,47187.62604370829,Finance,False,70.43837722908711
871,Person_871,44,47763.38279449088,HR,False,93.84212019868575
872,Person_872,27,42205.51405722099,Finance,True,37.18746903478256
873,Person_873,43,20590.337153612723,Marketing,True,71.22043150200922
874,Person_874,36,40588.25498304682,Finance,False,47.56249176934482
875,Person_875,56,37471.46574851155,HR,True,66.73403932723718
876,Person_876,79,52446.82973988853,Marketing,True,76.16995219549229
877,Person_877,20,51625.49534010277,Finance,False,5.510805578010865
878,Person_878,62,55777.64569020575,Finance,True,65.08953290788784
879,Person_879,30,39932.274852503455,Marketing,True,22.48463090624121
880,Person_880,67,57782.95532378921,IT,True,66.06867090025621
881,Person_881,45,26582.00504431313,Marketing,False,46.416773004266034
882,Person_882,79,22639.919336911476,IT,True,76.65203718447148
883,Person_883,75,15153.966283504014,HR,False,11.417577517342894
884,Person_884,37,42672.44825453085,HR,True,63.02503073070216
885,Person_885,45,38603.699816384775,Marketing,True,27.878266590945316
886,Person_886,25,61919.756711619135,Marketing,True,86.19575375723112
887,Person_887,78,40096.91805137722,HR,False,92.33952961423192
888,Person_888,58,54055.91097305827,IT,False,99.63868890052598
889,Person_889,56,62106.69221345991,HR,True,78.90365306685487
890,Person_890,18,39812.141811020505,Marketing,False,75.07597036221733
891,Person_891,20,54341.711399628795,HR,True,21.43902090578881
892,Person_892,30,65071.848257870166,Marketing,False,33.41337891510505
893,Person_893,45,31427.62939007309,Marketing,False,46.5950244915357
894,Person_894,79,50355.24019069671,HR,True,77.82390955985066
895,Person_895,74,39936.642547084724,IT,True,91.92979530052413
896,Person_896,77,32558.621481836355,Finance,True,18.529242710252813
897,Person_897,66,26938.784610801267,HR,True,92.22157140607847
898,Person_898,42,32105.67978725949,Finance,False,69.95951342288552
899,Person_899,73,50749.74775439987,HR,False,61.59494132221862
900,Person_900,50,25836.907267849878,Finance,False,19.653548785866874
901,Person_901,55,41934.424964245045,IT,True,5.9065855083151755
902,Person_902,70,62185.04256884067,IT,True,57.012063105387845
903,Person_903,23,56808.04037959842,HR,False,64.61857377611977
904,Person_904,75,41902.63592353572,Marketing,True,21.478223916761692
905,Person_905,61,75301.87870740751,Finance,False,55.721392186761875
906,Person_906,62,78441.79273925518,Marketing,False,84.7786449730941
907,Person_907,49,50402.42271290069,Marketing,False,83.35966776514631
908,Person_908,62,13054.322995176432,Marketing,False,92.75544682942221
909,Person_909,78,63236.45576678803,IT,False,36.28566871627925
910,Person_910,64,15415.356044613853,HR,True,32.419071467841135
911,Person_911,38,72254.40068383321,HR,True,75.57483484341992
912,Person_912,33,66160.15858220738,IT,True,42.91999543024408
913,Person_913,71,76663.84796482051,IT,False,8.50875364210119
914,Person_914,38,53949.06906216474,HR,False,28.21449573036531
915,Person_915,28,44412.83817276923,Marketing,False,41.75818827024557
916,Person_916,77,43353.39553637064,Finance,False,28.95539160072424
917,Person_917,54,41749.44071508364,Finance,True,31.366158790070518
918,Person_918,53,64721.53526731923,Finance,True,30.254996555238883
919,Person_919,52,60648.25408619162,Marketing,False,4.150125700197015
920,Person_920,36,51965.643651736485,HR,False,63.620315026479716
921,Person_921,37,39301.62940191383,IT,False,59.8918266003729
922,Person_922,74,89256.95601112701,HR,True,65.29832097360101
923,Person_923,35,63911.50192163386,Marketing,True,19.015831681040023
924,Person_924,64,25966.49053014735,IT,True,29.062631168052555
925,Person_925,58,42466.40342864128,Marketing,False,61.042286306244385
926,Person_926,66,63951.02050391658,Finance,False,59.28556738101494
927,Person_927,31,37972.824510900544,Finance,True,50.07469390207171
928,Person_928,32,55248.48660908055,Marketing,False,35.36678608004023
929,Person_929,48,64221.86554054427,IT,True,91.6554120508512
930,Person_930,18,-573.9815860635763,IT,False,33.536124677650996
931,Person_931,70,48371.798183229184,HR,True,44.23008857350646
932,Person_932,71,48937.907660222954,Finance,False,67.81594345517182
933,Person_933,71,43826.614240492454,HR,True,54.09137197884676
934,Person_934,20,54428.693504498144,HR,True,34.46546639308849
935,Person_935,33,60022.50616586714,Marketing,True,44.04244778353316
936,Person_936,40,51983.65608129982,Marketing,True,79.51740809808703
937,Person_937,74,44331.18822855138,HR,True,27.324725724401205
938,Person_938,28,59582.98552774872,Finance,True,13.622317460702018
939,Person_939,29,50740.0363521921,Marketing,False,31.18501450448523
940,Person_940,27,46594.41532031783,HR,False,84.50021516769532
941,Person_941,49,30469.125631584757,HR,False,8.862772673620858
942,Person_942,33,26660.558375842073,HR,True,99.68267835944617
943,Person_943,25,30045.300743803058,HR,True,53.41039868696652
944,Person_944,55,54383.8701832884,HR,False,98.52846411411389
945,Person_945,29,48750.9851710251,HR,True,94.35716719993245
946,Person_946,41,27785.707562788797,Marketing,True,45.23827775318262
947,Person_947,45,59685.72335375689,Finance,True,20.209897908093737
948,Person_948,70,70604.40052108474,HR,True,16.344841410456112
949,Person_949,25,40915.67468355885,IT,True,24.08435042670757
950,Person_950,75,23726.90715695834,Marketing,False,71.23365652262483
951,Person_951,45,39404.82438390923,Marketing,False,27.008998254017218
952,Person_952,53,62753.562023365346,HR,False,35.13786496902483
953,Person_953,43,58418.728756919736,Marketing,False,45.166670489627435
954,Person_954,25,36156.255477504295,HR,False,91.97476079150408
955,Person_955,75,72792.43314072199,Finance,True,19.474853761664992
956,Person_956,77,70333.63496753626,Finance,True,0.6662998956220171
957,Person_957,67,39045.12831459516,Marketing,True,6.702535748996919
958,Person_958,45,38833.098212746794,Marketing,True,90.57059152360776
959,Person_959,45,41043.50776453121,IT,False,64.38675884274912
960,Person_960,54,42755.77854957172,Marketing,False,27.311471548562157
961,Person_961,58,64294.248695152826,IT,False,17.216166644911546
962,Person_962,53,56488.378864887345,Finance,True,28.37582149965653
963,Person_963,44,63053.88698823546,Finance,False,11.053421603598498
964,Person_964,71,60045.67860915813,HR,True,94.18973179492954
965,Person_965,34,75929.14061173501,Finance,False,78.95157982927073
966,Person_966,26,34248.90993679846,IT,False,45.811358088965896
967,Person_967,50,55751.14016613207,Marketing,True,87.00134173828377
968,Person_968,70,17354.524067299833,HR,True,24.34047893641979
969,Person_969,37,30222.262811351466,IT,False,71.25229561414963
970,Person_970,30,48809.588137451676,Marketing,False,86.33782820307258
971,Person_971,45,56157.414258304176,HR,True,35.700681672308505
972,Person_972,65,48565.14828798256,Finance,False,75.65963357242944
973,Person_973,46,41545.996840089036,IT,False,29.624874921384848
974,Person_974,30,44232.33971923866,Marketing,True,29.282511900544055
975,Person_975,63,70507.92484756533,HR,False,10.540293791131694
976,Person_976,52,44265.08122931121,HR,True,44.00713523000315
977,Person_977,78,76195.41995415551,Finance,False,73.58688111783194
978,Person_978,23,61837.52529683997,Marketing,True,93.18687198747779
979,Person_979,35,57029.76643583767,Finance,False,61.26119435059749
980,Person_980,68,32108.197074869142,Finance,True,86.25122990441137
981,Person_981,22,64079.31785482306,Marketing,False,81.6941868045392
982,Person_982,64,42677.016735158264,Marketing,True,16.68848793946089
983,Person_983,42,32096.807718537806,Marketing,False,48.71831754976525
984,Person_984,19,57716.717470593176,IT,False,11.018748812504885
985,Person_985,27,29072.146573806534,Marketing,False,67.93525438361695
986,Person_986,73,38476.7665652126,HR,False,94.8650152941687
987,Person_987,47,49753.479852453485,Finance,False,14.280783677578064
988,Person_988,67,83336.86720340296,IT,False,73.89753980988613
989,Person_989,76,39703.35272839489,Marketing,False,62.902318891726615
990,Person_990,62,43037.14905411481,IT,False,58.25416211569951
991,Person_991,22,61043.1857004882,Marketing,False,38.21433101874605
992,Person_992,72,31479.91032045472,IT,True,34.493617018759394
993,Person_993,73,56572.59911618379,Finance,True,3.9103926780924754
994,Person_994,50,68086.1193597859,Finance,False,22.35241950586425
995,Person_995,71,45448.29089683953,HR,True,1.9077285897934197
996,Person_996,18,65306.47868554104,HR,False,58.33342868950036
997,Person_997,35,54428.37152466669,Marketing,False,9.856511344480596
998,Person_998,49,39069.87290335965,Finance,True,86.94610961427604
999,Person_999,64,46933.0097410023,IT,False,51.885391555627216
1000,Person_1000,66,44325.619573796175,IT,False,69.88599172056055
